epoch,step,test_acc,test_loss
2,10,0.2951388955116272,2.8892276287078857
